,name2
0,LENOVO IDEAPAD 3 
1,ASUS TUF Dash F15 FX517ZR 
2,Macbook Air MGN63
3,Lenovo IdeaPad Gaming 3
4,Lenovo Ideapad 3 
5, Laptop Asus FX506LH 
6,HP Victus15
7, ASUS TUF Gaming FX506HC 
8,Lenovo ideapad 3
9,Lenovo IdeaPad 3 Laptop
10,Laptop Microsoft Surface Go
11,Apple Macbook Pro 2023 M2 pro-MPHE3LL
12, Lenovo IdeaPad Gaming 3 
13,Asus Laptop X515EP 
14,Apple MacBook Air 2022 Midnight MLY33 M2 8GB 256GB SSD 13.6 inch Laptop
15,"Apple MacBook Pro 2022 13.3"" MNEH3 M2 8GB 256GB SSD Laptop"
16,Laptop Asus TUF Gaming F15 FX507ZM
17,"ASUS ROG Strix G16 (2023),Intel Core i7-13650HX,16GB DDR5,512GB PCIe SSD, GeForce RTX 4060 8GB,16” 16:10 FHD 165Hz,Wi-Fi 6E, Windows 11, G614JV-AS73, Eclipse Gray"
18,Hp Victus 15
19,Laptop  Lenovo Legion 5  
20,Lenovo IdeaPad 5 
21,Asus X543MA
22,Asus TUF Gaming F15 FX506HE
23,Lenovo IdeaPad Gaming 3 I7 : 12700H - 16GB - 1TB+256GB SSD - 4GB RTX 3050TI
24,Laptop HP Victus 16
25, Lenovo Ideapad 3  
26,Asus  ROG STRIX G513IM
27,ASUS ZENBOOK FLIP15 Q508UG RYZEN7 5700U RAM8GB 256GBSSD MX450
28,Asus ROG STRIX G513RC
29, Apple  MacBook  Pro 14 (2021) MKGP3
30,Laptop  Macbook Air MLY13
31,ASUS  VivoBook  Max  X543MA  Z
32,Lenovo IdeaPad 3
33,ASUS    TUF  GAMING  FX507ZC 
34,"Apple MacBook Pro 2022 13.3"" MNEP3 M2 8GB 256GB SSD Laptop"
35,TUF Gaming A15 FA507RE Ryzen 7 6800H 16GB 512GB SSD 4GB RTX 3050TI Full HD Laptop
36,Laptop ASUS FX506HC
37,VivoBook K6500ZH Core i5 12500H 8GB 512GB SSD 4GB GTX1650 FHD Laptop
38,MacBook Pro MNW83 2023 - M2 Pro - 16GB - 512GB - 16 inch Laptop
39,HP Victus15 
40,Laptop HP Victus 16
41,VivoBook R565EP  Laptop
42,
43,ASUS TUF Dash F15 FX517ZR
44,  Lenovo IdeaPad 5
45,Asus TUF Gaming F15 FX506HC
46,Asus VivoBook 15 R1502ZA-BQ708 - i7 - 8GB - 512GB - Iris - 15.6 inch FHD Laptop
47,Lenovo  Ideapad 3 
48,Acer AN515 Laptop
49,Laptop Asus G513RM
50,Lenovo  IdeaPad  3  QE 
51,Microsoft Surface Book 2 | 15 inch | Core i7 | 16GB | 512GB | 6GB
52,Lenovo ThinkPad X1 Carbon
53,Apple MacBook Pro 16‑inch MK183 M1 Pro 16GB 512GB SSD Laptop
54,ASUS VivoBook R565JP   
55,لپ تاپ هوآوی MateBook B3-520 i5
56,Laptop Asus  FX506LH
57,Lenovo Legion 5
58,Lenovo  Legion 5 Pro
59,ASUS  VivoBook R465FA 
60,ASUS  VivoBook  K513EQ 
61,"Apple MacBook Pro 2022 13.3"" MNEJ3 M2 8GB 512GB SSD Laptop"
62,LENOVO IdeaPad 3
63,Acer Aspire 3 A315
64,
65,E510MA N4020 4GB 512GB SSD Intel HD Laptop
66,TUF F15 FX516PM
67,Lenovo ideapad 3
68,MSI Katana 15 B12VGK i7-12650H 16 GB DDR5 1TB SSD 8GB RTX 4070 s 15.6inch FHD
69,Lenovo Legion 5 Pro-GA Core i7 12700H/1TB SSD/32GB/RTX3070 8GB 16 Inch Laptop
70,Lenovo ThinkBook 15 FX
71,VivoBook T3300KA LQ029W 
72,MacBook Air-MLXW3 M2 2022 LLA
73,
74,لپ تاپ ایسوس FX517 ZR
75,Laptop ASUS FX507ZR
76,
77,Laptop Surface Book 3 13 inch
78,Laptop Microsoft Surface Go
79, Pavilion x360 Convertible 14t DY000 - AN
80,ASUS TUF GAMING FX507ZC
81,Laptop Lenovo IdeaPad 3
82,Asus VivoBook Pro M6500QH Ryzen 5 5600H 8GB 512GB SSD 4GB GTX 1650 FHD Laptop
83,MacBook Air MGND3
84,Gaming F15 TUF507ZC4 i5 12500H 16G 512SSD 4G 3050 FHD WIN11 Laptop
85,Lenovo Ideapad 3 
86,Apple MK193 
87,ASUS  G533ZW
88,Lenovo IdeaPad 1
89,
90,MacBook Pro MYD82
91,VivoBook X515EP
92,Laptop Lenovo V15
93,hp zbook g4
94,ROG Strix SCAR 15 G533ZM Core i9 12900H 16GB 1TB SSD 6GB RTX 3060 QHD Laptop
95,VivoBook R565EP Core i7 1165G7 16GB 512GB SSD 2GB Full HD Laptop
96,Laptop Asus FX517ZE
97,Lenovo IdeaPad 3
98,
99,X515JP Core i7 1065G7 16GB 512GB SSD 2GB MX330 FHD Laptop
100,
101,ASUS VivoBook R1605ZA
102,Acer Nitro 5 AN515
103,HP Victus 15-FA0032DX Core i7 12650H 16GB 512GB SSD 4GB FULL HD Laptop
104,Lenovo IdeaPad 3 
105,Laptop Lenovo Legion 5 Pro 
106,MacBook Air MGN93 
107,Laptop Surface book 3
108, Lenovo Ideapad 5 
109,Laptop Lenovo Ideapad 3
110,لپ تاپ ایسوس UM535QE
111,Asus ROG STRIX G513RM
112,
113,Acer  Nitro 5
114,Apple MacBook Air 2022 Midnight MLY43 M2 8GB 512GB SSD 10-Core GPU 13.6 inch Laptop
115,Laptop Asus TUF Gaming F15 FX507ZM
116,
117,HP Victus 15-FA0031DX Core i5 12450H 32GB 1TB SSD 4GB 1650 FHD Laptop
118,Laptop Lenovo V15 
119,
120,
121,VivoBook TP1401KA-EC021
122,VivoBook M1603QA Ryzen 7 5800H 16GB 512GB SSD 8RX VEGA Full HD Laptop
123,
124,ASUS TUF Gaming FX507ZE
125,
126,ROG FLOW GV301RE Ryzen 9 6900HS 16GB 1TB SSD 4GB RTX 3050TI Full HD Laptop
127,
128,Asus Vivobook Pro M6500QC
129,Ideapad 3 Celeron N4020 4G 1T+512S Intel FHD Laptop
130,ASUS TUF GAMING F17 FX517ZM 
131,Lenovo IdeaPad 3
132,Vivobook 15 K513EQ i7 16GB 1TB SSD 2G MX350
133,HP ZBook 15 G3
134, ROG  Zephyrus  M16  GU603ZM
135,MacBook Pro MPHF3 2023 - M2 Pro - 16GB - 1TB 14 inch Laptop
136,لپ تاپ ام اس آی GF63
137,Lenovo Ideapad 3 
138,HP Pavilion Gaming 15-ec2010 Ryzen 5 5600H 8GB 512GB SSD 4GB 3050 FHD Laptop
139,
140,Lenovo  Ideapad Gaming 3  
141, Asus  VivoBook  X515JP 
142,
143,
144,HP Pavilion X360  14 Inch Laptop
145,
146,R1502ZA Core i3 1215U 4GB 256GB SSD Intel Full HD Laptop
147,ASUS TUF FX517ZC-HN044 
148,
149,
150,Laptop Lenovo V15 
151,ASUS Vivobook M7600QE
152,Samsung Galaxy Book Pro 360 Intel Evo i7 with Windows 10 Home 15.6 Inch Touchscreen Laptop 16GB RAM 512GB Storage Mystic Navy (UK Version)
153,VivoBook K6500ZC-A Core i7 12700H 16GB 1TB SSD 4GB 3050 2.8K Laptop
154,Asus VivoBook R1502Z-BQ708- i5 1235U-8GB-512GB SSD-Intel Iris Up To 4GB-15.6 inch FHD laptop
155, HP OMEN 16 B0001
156,
157,Laptop Surface 3
158,Microsoft SurfaceBOOK
159,MSI Thin GF63 12VE Core i5 12450H 8GB DDR4 512GB SSD 6GB 4050 FHD 15.6inch
160,HUAWEI MateBook B3-420 i5 1135G7 8G 512 SSD INTEL Iris Xe 14 inch Laptop
161,Asus i5 12500H-16GB-512GB SSD-4GB GeForce RTX 3050 -IPS 17.3 FHD Laptop
162,Asus ZenBook 13 UX325EA Core i5 1135G7 16GB 512GBB SSD Intel Full HD Laptop
163, VICTUS  16t  D000  A6
164,ZenBook Pro UX582ZM Core i7 12700H 16GB 1TB SSD 6GB 3060 4K OLED Laptop
165,ASUS E410MA
166,IdeaPad Gaming 3 Ryzen 7 5800H 16GB 1TB SSD 4GB 3050 Full HD Laptop
167,HP 255 G8 R5-A Ryzen 5 5500U 8GB 512GB SSD AMD FHD Laptop
168,Asus TUF FA507RE
169,ROG Strix G713RW Ryzen 9 6900HX 16GB 1TB SSD 8GB RTX 3070Ti Full HD Laptop
170,"Dell G15 5511 Gaming Laptop - 15.6 inch FHD 120Hz Display - Intel Core i7-11800H, 16GB DDR4 RAM, 512GB SSD, NVIDIA GeForce RTX 3050ti 4GBB"
171,Laptop Surface 4
172,Nitro 5 AN515 Core i9 11900H 16GB 512GB SSD 6GB 3060 Full HD Laptop
173,ROG Strix G513RW Ryzen 7 6800H 16GB 1TB SSD 8GB RTX 3070Ti 2K Laptop
174, HP ENVY X360 
175,VivoBook M1603QA Ryzen 5 5600H 8GB 512GB SSD RX VEGA 7 Full HD Laptop
176,XPS 15 9560 Core i7 16GB 512GB SSD 4GB 4K Touch Laptop
177,R1502ZA Core i3 1215U 8GB 256GB SSD Intel Full HD Laptop
178,Laptop Microsoft Surface Go
179,Lenovo Legion 5
180,
181,Asus Zenbook UM3402YA
182,
183,Lenovo IdeaPad 3 CA
184,
185,
186,Asus VivoBook R565EP 
187,ASUS Pro 15 OLED K3500PH 
188,Asus ROG STRIX G17 G713RM
189,Lenovo Ideapad Gaming 3
190,Ideapad 5 Core i3 1115G4 4GB 256GB SSD 2GB MX450 FHD IPS Laptop
191,  VivoBook Pro M6500QH Ryzen 7 | 16GB DDR4 | 512GB SSD | 4GB GeForce GTX 1650 
192,X515EA Core i3 1115G4 8GB 512GB SSD Intel Full HD Laptop
193,VivoBook R465EA Core i3 1115G4 4GB 512GB SSD Intel Full HD Laptop
194,ROG Strix SCAR 15 G533ZX
195,TUF Gaming FX517ZC Core i5 12450H 16GB 512GB SSD 4GB RTX3050 Full HD Laptop
196,
197, Laptop Lenovo V15
198,
199, ASUS Dash  F15  Tuf  fx506HC 
200,Laptop Microsoft Surface Go
201,  Acer Aspire 7 A715   
202,"Apple MacBook Pro 2022 13.3"" MNEQ3 M2 8GB 512GB SSD Laptop"
203,Gaming F15 TUF507ZC4 i5 12500H 8G 512SSD 4G 3050 FHD WIN11 Laptop
204,لپ تاپ ایسر Nitro 5
205,ASUS TUF Gaming FX507ZR i7-12700H/16GB/512GB SSD/8GB RTX 3070 Laptop
206,Lenovo IdeaPad 3-VAD Ryzen 7 5700U/1TB HDD/256GB SSD/12GB/AMD 15.6 Inch Laptop
207,
208,
209,
210,OMEN 16-B0002TX 
211,
212, Mac  Book  Pro  14inch  MKGQ3 
213,Dell Latitude D620
214,Acer Predator Helios 300 PH315
215,2 Core i716GB512GB
216,Asus K513EQ 
217,Lenovo Ideapad Gaming 3
218,Toshiba Portege Z30 | 13 inch | Core i7 | 8GB | 256GB
219,
220,Apple MacBook Air 2022 Space Gray MLXX3 M2 8GB 512GB SSD 10-Core GPU 13.6 inch Laptop
221,لپ تاپ لنوو Ideapad 3
222,IdeaPad Gaming 3 Core i7 12650H 16GB 512GB SSD 6GB 3060 FHD Laptop
223,
224,لب تاپ لنوو مدلLEGION 7pro core i9 32GB 1TB 12GB
225,"ASUS VivoBook S 14X OLED Laptop, 14.5"" OLED Display 2.8K 16:10 120Hz HDR, Intel Evo Platform, Intel Core i7-12700H CPU, 12GB RAM, 512GB SSD, Windows 11 Home, Midnight Black, S5402ZA-IS74"
226,LENOVO IdeaPad 3
227, Surface Laptop 4
228,ASUS VivoBook K513EQ Core i7 1165G7 16GB 512GB SSD 2GB Full HD Laptop
229,
230,X515JP Core i7 1065G7 16GB 1TB 256GB SSD 2GB MX330 FHD Laptop
231,ROG Strix SCAR 15 G533ZM Core i9 12900H 16GB 512GB SSD 6GB RTX 3060 FHD Laptop
232,IdeaPad Gaming 3 Ryzen 7 5800H 16GB 1TB 512GB SSD 4GB 1650 Full HD Laptop
233,Laptop Hp PAVILION 15 
234,Acer Nitro 5 AN515
235,Apple MacBook Air 2022 Starlight MLY23 M2 8GB 512GB SSD 10-Core GPU 13.6 inch Laptop
236,
237,
238,لپ تاپ ایسوس FA507 RE
239,ASUS VivoBook R1605ZA
240,Surface Laptop 3
241, Laptop Lenovo V15 
242,Laptop Lenovo Legion 5 Pro
243,Asus ROG Strix G713RM-KH070 R7 6800H 16GB 1TB SSD 6GB RTX3060 Laptop
244,Asus TUF F15 FX516PE
245,Laptop HP Victus 16
246,ASUS VivoBook 17X K1703ZA-A Core i7 12700H 16GB 1TB SSD INTEL Full HD Laptop
247,Laptop Lenovo V15
248,MSI Modern 14 C13M-438IN Core i3-1315U 8GB 512GB SSD Intel Full HD Laptop
249,
250,LAPTOP GAMING MSI GE63 RAIDER
251,
252,Asus R7 6800HS-16GB-1TB SSD-8GB 3070 Ti-WQHD Laptop
253,Microsoft Surface 4 
254,
255,"Asus VivoBook R1605ZA i5-1235U 16GB 512GB SSD INTEL (IRIS XE) 16""FHD Laptop"
256,Asus TUF Gaming FX507ZE
257,V15 Core i3 1115G4 8GB 512GB SSD Intel Full HD Laptop
258,
259,Microsot i7 1265U-16GB-256SSD-INT-2K Touch Laptop
260,Lenovo IdeaPad Gaming 3 R7-5800H/16GB/512GB SSD/6GB RTX3060 15.6Inch Laptop
261,IdeaPad Gaming 3 
262, MSI Katana GF66  11UC 
263,
264,Lenovo i7 12650H - 16GB - 1SSD - 6GB RTX 3060 - 120Hz - FULL HD
265,Apple MYD92
266,Asus ROG Strix G533ZM
267,
268,Lenovo Legion 5 
269,Laptop Surface 4 
270,ASUS ROG STRIX G513QY
271,Asus Ryzen 7 6800H 8GB 512GB SSD -4GB GeForce RTX 3050 GDDR6 - IPS 15.6 inch FHD Laptop
272,Apple MacBook Air M2 / 16GB / 1TB / Space Gray /cto
273,Lenovo IdeaPad 3 Laptop
274,Asus i7 16GB 512GB SSD Intel iris up to 8GB
275,ASUS G533ZW 
276,IdeaPad 3 15ITL6 Core i3 12GB 256GB SSD
277, HP OMEN 16-b0080TX 
278,Lenovo Ideapad Gaming 3
279,HP Spectre x360 16t F1023dx Core i7 1260P 16GB 1TB 4GB UHD Touch Laptop
280,X515EP Core i5 1135G7 16GB 512GB SSD 2GB MX330 FHD Laptop
281, Hp Victus  16
282,
283,Laptop Lenovo V15 
284,
285,Laptop Lenovo V15
286, Laptop Asus FX506LH
287,Toshiba Tecra X40-E Core i5
288,
289,
290,Lenovo Ideapad 3 
291,TUF Gaming FX506HC Core i7 11800H 16GB 512GB SSD 4GB RTX3050 Full HD Laptop
292,ASUS ROG G55V
293,Acer Aspire 5 A515-57G-553M i5 1240P- 16GB -512GB SSD - RTX2050 4G
294,Laptop Asus VivoBook R565EA
295,
296,
297,MSI Pulse GL66 Gaming Laptop 15.6″ i5(11400H)8GB-512GB SSD-4GB (RTX 3050) 144Hz FHD
298,Laptop Lenovo Legion 5
299,
300,لپ تاپ 15 اینچی ایسر مدل Nitro5 AN515
301,
302, OMEN  16  C0002dx 
303,Acer Aspire 3 A315
304,Apple MacBook Air 2022 Silver MLXY3 M2 8GB 256GB SSD 13.6 inch Laptop
305,
306,لپ تاپ ایسوس K3500 PC
307,Asus ROG FLOW GZ301ZE
308,ASUS VivoBook K513EQ
309,
310,Microsoft Surface Book 2 | 15 Inch | Core i7 | 16GB | 1TB | 6GB
311,لپ تاپ دل G15
312,Laptop Surface Book 3 
313,Laptap HP Zbook Firefly 14 G8 Mobile Workstation
314,Lenovo IdeaPad Gaming 3
315,ASUS ROG Zephyrus G14 GA401QC
316,OMEN 16-B0004TX i7(11800)/16/1000/4/FHD -16 inch
317,ZenBook Duo UX481FLC - AP Core i7 16GB 1TB SSD 2GB Full HD Laptop
318,Acer i7 1260P-16GB-1TB SSD-4GB 2050-FHD Laptop
319, Surface  Book  3 
320,ROG Zephyrus GU603ZW Core i9 12900H 16GB 1TB SSD 8GB 3070Ti WQXGA Laptop
321,
322,Samsung NP535U
323,Asus R7 6800H-16GB-1TB SSD-6GB 3060-WQHD Laptop
324,Laptap HP Zbook firefly 14 G9 Mobile Workstation
325,
326,Asus i7 13650HX-16GB-1TB SSD-8GB 4060-WUXGA Laptop
327,Acer Aspire A715 42G Ryzen7 5700U 16G 512G SSD 4G 1650 FHD
328,
329,
330,
331,لپ تاپ 15.6 اینچی ایسوس تاف A15 FA507RMRyzen 7 (6800H) - 16GB - 1TB SSD - 6GB (RTX3060)
332,لپ تاپ 15.6 اینچی ایسوس راگ استریکس ASUS ROG Strix G15 G513RM Ryzen 7 (6800H) - 16GB DDR5 - 512GB SSD - 6GB (3060) 15.6'' WQHD
333,
334,لپ تاپ ایسر Nitro 5
335,MateBook X PRO 2020 Core i7 10510U 16GB 1TB SSD 2GB Full HD Laptop
336,Asus TUF Gaming F15 FX506HE
337,"Microsoft Surface Book 2 13.5""(Intel Core i5, 8GB RAM, 256 GB), silver 13.5"" Intel Core i5, 8GB RAM, 256GB"
338,
339,Acer Aspire 3 A315
340,HP Spectre x360 13t-AW000-E
341,"Dell XPS 17 9710 17"" UHD+ Laptop, Intel Core i9-11900H, 32GB RAM, 1TB SSD, NVIDIA GeForce RTX 3060 6GB, Touchscreen, Backlit Keyboard, Fingerprint Reader, Windows 10 Home, (Platinum Silver)"
342,ASUS X1502Z I3 1215U 12G RAM 512G SSD INTEL 15.6 FHD
343,
344,Asus Ryzen 7 5700U - 8GB - 1SSD - 2GB MX450 - FULL HD - TOUCH
345,ASUS Vivobook 15X OLED M1503IA-L1099 Ryzen 5 8GB 1TB SSD laptop
346, MacBook Pro MVVK2 
347,
348,
349,Vivobook Pro 14X OLED N7400PC
350,
351,Lenovo  ThinkBook   15  HB 
352,ASUS  X515JA  MBB
353,Asus VivoBook Pro D3500QC DG R7 5800H 16GB 512GB SSD 4GB Laptop
354,MSI Core i7 10750H - 8GB - 512SSD - 4GB RTX3050 - 144Hz - FULL HD
355,Asus TUF Dash F15 FX517ZC i7 12650H-16GB-512GB SSD-4GB 3050TI 15.6 FHD 144HZ Laptop
356,
357,hp zbook 17 g3 core i7 6th 16gig 512ssd graphic 4
358,Laptap HP Zbook Firefly 14 G8 Mobile Workstation
359,
360,Aspire A315 Laptop
361,Asus Vivobook S 15 OLED K3502ZA I5: 12500H - 8GB -1TB SSD - INTEL
362,X515EP Core i7 1165G7 12GB 512GB SSD 2GB MX330 FHD Laptop
363, Surface  Book  3 
364,Laptop Asus VivoBook R565EA
365,Laptop Lenovo Legion 5
366,HP ZBook 15 Studio G3
367,
368,ASUS i5 1135G7-16GB-512GB SSD-2GB GeForce MX330 GDDR5-IPS ۱۵.۶ inch FHD Laptop
369,Apple MKGR3 
370,
371,
372,Lenovo IdeaPad Flex 5 14ITL05 i5 8GB 256GB SSD ۱4 inch FHD Laptop
373,
374,Lenovo Ideapad 3 
375,VivoBook 15 M513UA Ryzen 7 5700U 16G 512SSD Radeon FHD
376,
377,
378,
379,Apple MacBook Air 2022 Silver MLY03 M2 8GB 512GB SSD 10-Core GPU 13.6 inch Laptop
380,
381,Asus R9 6900HS-16GB-1TB SSD-8GB 3070 Ti-WQHD Laptop
382,
383,ASUS FX507ZM
384,HP Victus16
385,
386,Surface Laptop Studio 14.4inch Core i7-11370H 32GB 2TB SSD 4GB RTX 3050Ti Touch Laptop
387,لپ تاپ ایسوس K6500 ZC
388,
389,
390,
391,N.B ASUS TUF GAMING FX706HM-HX031W i5-11400H/16/512SSD/6-RTX3060
392,Lenovo  Legion  5  PRO  BC
393,سبک
394,TUF Gaming FX516PM Laptop
395,لپ تاپ لنوو Legion 5
396,LENOVO IdeaPad 3
397,Lenovo IdeaPad 5
398,
399,HP ZBook G5 | 15 Inch | Core i7 | 32GB | 512GB | 4GB
400,MSI GF66 KATANA 11UE-A 15.6 inch laptop
401,
402,
403,
404,
405,
406, Aspire7  A715  42G  R9W3
407,ASUS  VivoBook  M513UA  L1269
408, Aspire 3 A315 
409,Lenovo IdeaPad 5
410,
411,Lenovo Legion 5
412,Laptop Lenovo V15
413,
414,Lenovo Ideapad 1 
415,MSI GF63 
416,Asus R565JP
417,MSI Sword 15 11UD Core i7 11800H 8GB 512GB SSD 4GB Full HD Laptop
418,
419,
420,ASUS E410MA Dark Blue
421,
422,HP Victus i5 12450H-8GB-512GB SSD-GTX1650 4GB-FHD 15.6 inch laptop
423,Lenovo IdeaPad 5
424,
425,
426,Laptop Lenovo Legion 5 Pro
427,Acer Aspire A315
428, ASUS  FX706HE  TUF  GAMING
429,Laptop Lenovo Legion 5
430,
431,HP Core i9 11900H - 32GB - 1TB SSD - 16GB RTX3080 - 144Hz - FULL HD
432,لپ تاپ اچ پی مدل FA0013DX Core i5 (12450) 8GB 1TBssd 4GB GTX1650
433,
434,Ideapad Gaming 3 Ryzen7 5800H 16 512 SSD RTX 3050 4GB 15.6 FULL HD
435,MSI MODERN  15  A11MU
436,Victus Gaming 15-FA0032DX i7 12650H 16G 1T SSD 4G 3050TI FHD IPS
437,Lenovo IdeaPad 3 
438,
439,TUF Gaming F15 FX506HF i5 11400H 16G 512SSD 4G 2050 FHD Laptop
440,
441,
442,LapTop HP Zbook Firefiy 14 G8 Mobile Workstation
443,Acer Nitro 5 AN515 
444,Apple MacBook Pro MV912 | 15 inch | Core i9 | 16GB | 512GB | 4GB
445,Lenovo IdeaPad Gaming 3
446,Dell Latitude 7420 i7 1185G7 16GB 512GB Intel FHD Laptop
447,
448,Asus Vivobook X712EQ-AU112 i5 1135G7-8GB-1TSSD-2GB MX350-FHDLaptop
449,Asus ROG STRIX G713RC
450,
451,Asus R565EA-BQ2625 i5 1135G7-8GB-512GB SSD- Intel UHD Graphic-15.6 inch FHD Laptop
452,
453,
454,Asus VivoBook R1502ZA i5 16GB 512GB Intel FHD
455,Asus R1502ZA i5 1235U-16GB-1TB SSD-Int-FHD Laptop
456,لپ تاپ اپل مک بوک پرو CTO
457,
458,Laptop Lenovo Legion 5
459,
460,Laptop Asus  FX506LH
461,لپ تاپ ایسوس FX517 ZC
462, Laptop Lenovo ThinkBook 15
463,
464,HP Pavilion x360 15t ER100 - 7B Core i7 1255U 32GB 1TB SSD Intel Full HD Touch Laptop
465,لپ تاپ اپل مک بوک پرو MK233
466,ASUS G733ZW
467,ASUS M7600QE
468,Asus TUF Gaming F15 FX507ZC i5 12500H 16GB 1TD 4GB RTX3050 FHD 15.6 inch Laptop
469,
470,HP EliteBook X360
471,MateBook D13 Core i7 10510U 16GB 512GB SSD 2GB Full HD Laptop
472,ASUS  ZenBook  Flip  13  OLED   UX363EA  A 
473,
474,Asus Ryzen 7 5700U - 8GB - 512SSD - 2GB MX450 - FULL HD - TOUCH
475,VICTUS 16t D0002 - B Core i7 11800H 32GB 1TB SSD 6GB 3060 Full HD IPS Laptop
476,
477,
478,MSI Summit E13 Flip Evo A12MT Core i7 1280P 16GB 1TB SSD Intel Full HD IPS Touch Laptop
479,ASUS ROG Strix G17 G713QR-HG120 Ryzen9-5900HX/16GB/1TB SSD/8GB RTX 3070 17.3 inch Gaming Laptop
480,ASUS X515EA-BQ945 Core i3-1115G4/4GB/256GB SSD/INT Full HD
481,Lenovo  IdeaPad 3 FAB
482,X515EP Core i5 1135G7 16GB 1TB SSD 2GB MX330 FHD Laptop
483,VivoBook R1502ZA Core i7 1255U 8GB 512GB SSD INTEL Full HD Laptop
484,Laptop Microsoft Surface 2
485, Lenovo IdeaPad L3
486,
487,ASUS TUF Gaming F17 FX706HEB 
488,Lenovo ideapad L340 
489,Laptop Lenovo Legion 5
490,Laptop Lenovo V15 
491,Apple MacBook Pro MJLQ2 | 15 inch | Core i7 | 16GB | 256GB
492,
493,Lenovo IdeaPad Gaming 3 
494,MICROSOFT SURFACE LAPTOP 3
495,
496,
497,Lenovo IdeaPad Gaming 3 
498,"Lenovo Legion 5 Pro 16IAH7H ,16"" WQXGA 165Hz-,Intel Core i9-12900H, 32GB RAM, 2TB SSD, NVIDIA GeForce RTX 3070Ti 8GB, Backlit English KB, Win 11, Storm Grey"
499,
500,
501,لپ تاپ ایسوس مدلTUF GAMING FX506HF CORE I5(11400) 8GB 512SSD 4GB (2050)
502,ASUS Corei9 12900H-16GB-1SSD-6GB GeForce RTX 3060-FHD-360Hz
503,
504,
505,
506,Asus ROG Strix G15 G513IC
507,ASUS TUF Gaming FX506HE
508,
509,HP EF2126WM
510,
511,Asus R7 6800HS-32GB-1TB SSD-4GB 3050Ti-WQUXGA Touch Laptop
512,Laptop Lenovo V15 
513,لپ تاپ مایکروسافت Surface Laptop Studio
514,VivoBook R565JP Core i7 1065G7 16GB 512GB SSD 2GB MX330 Full HD Laptop
515,Asus TUF F15 FX516PE
516,Asus TUF Gaming A17 FA707RM R7 6800H 16GB 1TB SSD 6GB FHD Laptop
517,Asus i9 12900H-32GB-1+1TB SSD-16GB 3080Ti-WQHD Laptop
518,
519,MSI Stealth 15M A11UEK
520,لپ تاپ 15 اینچی لنوو مدل ideapad 1
521,V15 Core i3 1115G4 12GB 256GB SSD Intel Full HD Laptop
522,
523,ENVY x360 15t ES100 - B Core i7 1195G7 32GB 1TB SSD 2GB MX450 Full HD IPS Touch Laptop
524,Laptop HP VICTUS 15 FA-1032NE Core i7 13700H 32GB 1TB SSD 6GB FHD
525,ASUS ROG Zephyrus M16-GU603ZM
526,Asus Core i7 12700H - 32GB - 1SSD - 8GB RTX 3070 - 300Hz - Full HD
527,MSI Crosshair 15 B12UEZO Core i7 12700H 16GB 1TB SSD 6GB 3060 QHD Laptop
528,
529,
530,
531,MSI Creator Z16 A12UET Core i7 12700H 16GB 1TB SSD 6GB QHD Laptop
532,Laptop Lenovo V15
533,
534,HP 250 G7 Celeron (N4020) 4GB 1TB Intel HD Laptop
535,Laptap HP Zbook firefly 14 G9 Mobile Workstation
536,Asus ExpertBook B7402FEA
537,
538,
539,
540,
541,Laptop Surface 3
542, Laptop Asus R565EP
543,
544,Asus Ryzen 7-5800H 16GB-1TB SSD-4GB RTX 3050 15.6 inch HD Laptop
545, Aspire  A315  58G  30KZ
546,
547,"SAMSUNG 13.3” Galaxy Book2 Pro Laptop Computer, i5 / 16GB / 256GB, 12th Gen Intel Core Processor, Evo Certified, Lightweight, 2022 Model, Silver (NP930XED-KB1US)"
548,IdeaPad 3 15IGL05 (Celeron_UHD)
549,
550,
551,LENOVO GAMING 3  LAPTOP
552,
553,
554,ASUS VivoBook X515JA-BR3991W Core i3 8GB 512GB SSD ۱۵.۶ inch Laptop
555,Asus VivoBook R565EP 
556,
557,ZenBook 17 Fold UX9702AA DH Core i7 1250U 16GB 1TB SSD Intel Touch OLED Laptop
558,MSI i9 13950HX-32GB-2TB SSD-12GB 4080-QHD Laptop
559,
560,Laptop Lenovo Legion 5 Pro
561,
562,لپ تاپ ایسوس R1502 ZA
563,Acer Nitro 5 AN515
564,Aspire 5 A515 Core i5 1235U 8GB 256GB SSD 2GB MX550 Full HD Laptop
565,Apple M2-16GB-512GB SSD-10Core GPU Laptop
566,
567,
568,microsoft surface book 1
569,ASUS  VivoBook  14  R427FA  
570,MSI Raider GE67 12UGS i9 12900HX 32GB 1TB SSD 8GB QHD Gaming Laptop
571,ASUS FA507RC R7 : 6800H-16GB- 1TB SSD- 4GB- RTX 3050
572,
573,Laptop Lenovo ThinkBook 15  
574,ASUS ROG G513RW STRIX
575,
576,Asus VivoBook X509FA
577,HP ProBook 440 G5 14 inch Laptop
578,Lenovo Legion 5 Pro
579,
580, Asus VivoBook R565JP 
581,Dell Latitude 5290 | 12 inch | Core i5 | 16GB | 512GB
582,
583,TUF Gaming FX517ZM Core i7 12650H 32GB 1TB SSD 6GB RTX3060 Full HD Laptop
584,
585,
586,
587,HP Victus15 
588,HP R5 5600H-16GB-1TB SSD-4GB 3050-FHD Laptop
589,
590,HP OMEN 16 B0003
591,
592,
593,ASUS X515MA
594,
595,Asus Core i7 12650H - 32GB - 512SSD - 8GB RTX3070 - 144Hz - FULL HD
596,XPS 13-9360 Core i5 8GB 256GB SSD Intel Laptop
597,Laptop Asus VivoBook R565EA
598,
599,Lenovo i5 1135G7-16GB-512GB SSD-2GB Geforce MX350-TN ۱۵.۶ inch FHD Laptop
600,Laptop Lenovo Legion 5
601,
602,
603,Lenovo Ideapad 3
604,
605,Apple MacBook Pro 16‑inch MK1A3 M1 Max 32GB 1TB SSD Laptop
606,
607,Ideapad 5 Core i7 1165G7 16GB 1TB 512GB SSD 2GB FHD Laptop
608,Latitude 7400 Core i7 16GB 512GB SSD Intel FHD Laptop
609,
610,Laptop Lenovo V15 
611,
612,Lenovo T480s Core i5
613,HP Core i3 1215U - 8GB - 256SSD - UHD
614,
615,
616,
617,LENOVO IdeaPad 3
618,Laptop Dell E5490
619,LOP TOP HP VICTUS 16
620,
621,
622,ASUS FX507ZE
623,HP Victus 15-FA1093DX Core i5-13420H 8GB 1TB SSD 6GB 3050 FHD Laptop
624,
625,
626,ASUS TUF Gaming FA707RW 17 inch laptop
627,INTEL Core i7 11800H - 32GB - 1TB SSD - 8GB RTX3070 - 240Hz - FULL HD
628,
629,VivoBook Flip 14 TP410UF Core i7 8GB 1TB+128GB SSD 2GB Touch Laptop
630,ASUS  ROG  Zephyrus  G15  GA503QE
631,
632,
633,
634,
635,VivoBook X515JA-BR3991W i3 1005g1 12GB 512GB SSD Intel UHD
636,Surface Laptop 2 - E Core i5 16GB 256GB SSD Intel Touch
637,
638,
639,
640,ASUS TUF GAMING F17 FX517ZM
641,
642,
643,
644,
645,
646,
647,"GIGABYTE AERO 17 HDR XD - 17.3"" UHD 4k IPS Anti-Glare, Intel Core i7, NVIDIA GeForce RTX 3070 Laptop GPU 8GB GDDR6, 16GB RAM, 1TB SSD, Win10 Pro, Creator Laptop"
648,ROG Strix G513RW Ryzen 9 6900HX 16GB 1TB SSD 8GB RTX 3070Ti 2K Laptop
649,X515JP Core i7 1065G7 16GB 1TB 512GB SSD 2GB MX330 FHD Laptop
650,
651,VivoBook R565EP Core i7 1165G7 16GB 1TB 512GB SSD 2GB Full HD Laptop
652,
653,TUF Gaming FX507ZC Core i7 12700H 32GB 1TB SSD 4GB RTX3050 Full HD Laptop
654,MICROSOFT Surface Laptop 4 Ryzen 5 4680U 8GB 128GB SSD  AMD Radeon Graphics 13 INCH LAPTOP
655,MSI MODERN 15 B7M-071IN Ryzen 5-7530U 16GB 512GB SSD AMD Full HD Laptop
656,Ideapad 3 Core i5 1135G7 20GB 1TB 256GB SSD 2GB MX350 FHD Laptop
657,HP Elitebook 850 G5 – i7 8650u 16G 512sSD 2G
658,TUF Gaming FX506HC Core i5 11400H 32GB 512GB SSD 4GB RTX3050 Full HD Laptop
659,لپ تاپ لنوو مدل ideapad 3 core i3 (1215) 12GB 512SSD INTEL FHD
660,
661,
662,
663,
664,
665,
666,
667,ASUS TUF Gaming F15 FX506HC 
668,
669,Lenovo ideaPad 3 R5 5500U-12GB-1TB+256SSD-Vega7-FHD Laptop
670,Apple A2141 macbook pro
671,Asus TUF F15 FX516PE
672,MacBook Air MGNE3
673,Asus VivoBook Flip TP412UA | 14 inch | Core i3 | 4GB | 128GB
674,
675,لپ تاپ 15 اینچی لنوو مدل Ideapad 3 core i7 (1165G7) 16GB 1TB+512GBSSD 2GB (MX450)
676,V15 G3 AMD R5 5625U 8G 256GB SSD Radeon FHD15.6
677,Victus Gaming 15-FA0032DX i7 12650H 32G 1T SSD 4G 3050TI FHD IPS
678,Lenovo ideapad 3 
679,
680,Lenovo Core i9 13900HX - 32GB - 2SSD - 12GB RTX4080 - 240HZ - WQXGA
681,Apple MGN73 
682,Latitude 7400 Core i5 8365U 8GB 256GB Intel FHD Laptop
683,Lenovo ideapad 3 
684,HP Pavilion x360 14t EK000 - 5B Core i5 1235U 8GB 1TB SSD Intel Full HD Touch Laptop
685,Laptop Lenovo ThinkBook 15  
686,Dell Precision 5530
687,VivoBook R565EP Core i7 1165G7 16GB 1TB 256GB SSD 2GB Full HD Laptop
688,
689,MSI intel i7 1280P-32GB LPDDR5-1TB SSD- RTX3050 MAXQ GDDR6 4GB -IPS 16 inch QHD+ Laptop+PEN
690,لپ تاپ لنوو مدل ideapad 3 core i3 (1215) 8GB 1TBssd INTEL FHD
691,Asus i9 12900H-32GB-1TB SSD-6GB 3060-FHD Laptop
692,لب تاپ لنوو مدلLEGION 7 core i9 32GB 1TBSSD 16GB
693,
694,VivoBook 15 X515EP
695,لپ تاپ ایسوس G513 QE
696,HP Victus 15-fa1093dx i5 13420H 8GB 512GB 6GB FHD Gaming Laptop
697,
698, VIVOBOOK K571GT P
699,
700,
701,
702,
703,ROG Strix Scar 16 G634JY-ZE (2023)
704,"ASUS G513RC R7(6800H) 16GB 512GB SSD 4GB(3050RTX) 15.6""FHD LAPTOP"
705,
706,MSI intel i9 12900HX-64GB DDR5-2TB SSD-16GB RTX™ 3080Ti GDDR6 -IPS 17.3 inch UHD Laptop
707,
708,
709,Lenovo IdeaPad 3
710,
711,لپ تاپ ایسوس X515 EP
712,Lenovo i7 1255U-16GB-512SSD-2GB 550-FHD Laptop
713,Lenovo  IdeaPad  3  CAE 
714,MSI Katana GF76 12UD i7 12700H 16GB 512GB 4GB FHD Gaming Laptop
715,
716,
717,
718,Acer Predator Triton 500 SE i9 11900H 32GB 1TB SSD 8GB QHD Gaming Laptop
719,
720,Acer i7 12700H-32GB-1TB SSD-6GB RTX3060-WQXGA 2K Laptop
721,
722,
723,
724,
725,
726,acer Aspire 5 A515-56G-35SK i3 4G 1T 2G NOS
727,Laptop Lenovo V15 
728,
729,Laptop Surface Book3 
730,Acer R5 5500U-16GB-512SSD-4GB 1650-FHD Laptop
731,
732,
733,Lenovo  Ideapad 3 ND
734, Asus VivoBook Flip TP470EZ
735,
736,Lenovo IdeaPad 3
737,
738,ASUS Corei7 1165G7 - 16GB - 512SSD - Intel Iris X - FULL HD
739,Asus R7 6800H-32GB-1TB SSD-8GB 3070Ti-FHD Laptop
740,
741,
742,Laptop Lenovo V15
743,Asus R7 6800H-16GB-1TB SSD-8GB 3070 Ti-FHD Laptop
744,
745,ASUS TUF Gaming 15 FX506HE i5-11400/8GB/512GB SSD/4GB RTX 3050TI 15.6 inch Laptop
746,
747,
748,Laptop Lenovo V15 
749,
750,لپ تاپ ایسر مدل Acer Nitro 5 AN515-45-R7WA Ryzen 7(5800H) - 16GB - 512GB SSD - 6GB(RTX3060)
751,acer Aspire 5 A515-57G-51RC i5 8G 256G 4G NOS
752,
753,Laptop Lenovo Legion 5
754,
755,Nitro 5 AN515 Core i9 11900H 32GB 1TB SSD 6GB 3060 Full HD Laptop
756,
757,
758,Asus R7 5800H-32GB-1TB SSD-8GB 3070-FHD 300Hz Laptop
759, IdeaPad Gaming 3
760,Laptop Lenovo Legion 5 Pro
761,Lenovo Ideapad L3
762,ASUS X515EA I3 1115G4 12G RAM 512G SSD INTEL 15.6 FHD
763,X515EP Core i7 1165G7 20GB 512GB SSD 2GB MX330 FHD Laptop
764,
765,Lenovo Legion 5
766,
767,TUF Gaming F15 FX506HE
768,LAPTOP HP PAVILION 15
769, Lenovo  ideapad  3 
770,
771,ASUS VivoBook R1605ZA
772, Laptop Lenovo V15 
773,Asus i9 12900H-64GB-1TB SSD-16GB 3080Ti-WQHD Laptop
774,
775,
776,Razer Blade 15 i7-10750H/16GB/1TB SSD/6GB GTX 1660Ti
777,
778, Aspire A315 Laptop 
779, ASUS  VivoBook  R565EP 
780,Lenovo 3 Core i3 1215U-4GB 512GB SSD-INT-FHD Laptop
781,
782,
783,لپ تاپ لنوو V15
784,
785,Acer Nitro 5 AN515-45-R56R R7 5800H- 24GB -512GB SSD - RTX3050 4G
786,
787,X515EA Core i3 1115G4 12GB 512GB SSD Intel Full HD Laptop
788,
789,Asus VivoBook R465FA 
790,Huawei MateBook B7-410 laptop
791,TUF Gaming F17 FX707ZC i5 12500H 16G 1T SSD 4G 3050 FHD Laptop
792,acer Predator Helios 300 PH315-54-99WT 
793,TUF GAMING FX706HC Core i5 11260H 16GB 512GB SSD 4GB 3050 Full HD Laptop
794,ASUS ZenBook UX325EA-KG779 13.3 inch Laptop
795,
796,Asus ZenBook UX482EG KA151T
797,Lenovo ideapad ip3-BX laptop
798,HP OMEN 16-B1001NE i7-16GB -1TBSSD-8GB-RTX 3070 FHD 16.1 LapTop
799,ASUS  Aspire  3  A315 
800,VivoBook 15 X515EP
801,HP Omen 16 R7 5800H-16GB-1TB SSD-8GB RX6600M-FHD Laptop
802,لپ تاپ اچ پی مدل FA0032DX Core i7 (12650) 32GB 512SSD 4GB RTX3050Ti
803,
804,Laptop Lenovo Legion 5
805,
806,
807,Core i5 8350U-8GB-256SSD-INT-FHD Touch Laptop
808,Aspire 3 A315-58G-35GH-IB Core i3 1115G4 12GB 1TB HDD 512GB SSD 2GB MX350 FHD Laptop
809,لپ تاپ ایسوس M1603 QA
810,Lenovo IdeaPad L3 
811,لپ تاپ ایسوس R1502 ZA
812,
813,
814,Lenovo IdeaPad 3
815,HP  OMEN 17t-CK000-A7
816,
817,Lenovo IdeaPad V15 i3 1115G4 8GB 256GB SSD FHD 15.6 Display
818,Asus R5 5625U-8GB-512SSD-Vega7-2.8K OLED Laptop
819,
820,Lenovo 3 Core i3 1215U-20GB 1TB HDD 512GB SSD-INT-FHD Laptop
821,LAPTOP DELL ALIENWARE 17 R4
822,HP Pavilion x360 15t ER000 - 7CS Core i7 1165G7 16GB 1TB SSD Intel FHD IPS Touch Laptop
823,
824,Lenovo R5 5600H-32GB-1TB SSD-4GB 3050TI-FHD Laptop
825,Lenovo i7 1255U-16GB-1TB SSD-2GB 550-FHD Laptop
826, ThinkPad  E15 EG
827,
828,Lenovo i5 1155G7-16GB-1TB+256SSD-2GB 350-FHD Laptop
829,
830,Lenovo IdeaPad 3
831,Apple MacBook Air M2 / 24GB / 1TB / midnight /cto
832,LAPTOP GAMING MSI GE63
833,Aspire 3 A315 
834,
835,ASUS ExpertBook B3 Flip B3402FEA-EC0892W Core i7 1165G7 16GB 512GB SSD Intel Touch FHD Laptop
836,
837, ASUS G533ZW
838,Sony CW-1S1E Pink
839,
840,Laptop Lenovo V15 
841,Lenovo ThinkBook 15
842,Asus ROG STRIX G713RW
843,LENOVO IDEAPAD 3 
844,"Asus Expert Book B7402FEA- i5 1155G7 16GB 256GB SSD Intel Iris FHD 14"" BackFlip360"
845,
846,"ASUS TUF FX517ZE-HN043 i7-12650H, 8GB, 512GB SSD, RTX3050Ti 4GB,OFF BLACK"
847,Laptop Asus E510MA-BR1096 N4020 4GB RAM 512GB SSD Intel UHD600 - 15.6 HD
848,Ideapad L3 Celeron 6305 8GB 1TB Intel Full HD Laptop
849,Katana GF66 11UC Core i7 11800H 16GB 512GB SSD 4GB RTX 3050 Full HD Laptop
850,
851,Laptop Asus G513IE
852,ASUS TUF Dash F15 FX516PR A
853,
854,Apple Macbook Pro 2023 M2 pro-MPHJ3LL
855,
856,ThinkBook 15 G2
857,
858,Asus R5 4600H-16GB-1TB SSD-VEGA 6-FHD Laptop
859,ASUS  VivoBook  R427FA  ZA
860,
861,
862, Lenovo ThinkPad E15 Gen 2_BF 
863,Asus i7 13650HX-32GB-1TB SSD-8GB 4060-WUXGA Laptop
864,
865,X515JP Core i7 1065G7 16GB 1TB 2GB MX330 FHD Laptop
866,
867,Lenovo Ryzen 7 5700U - 12GB - 1TBHDD - 512SSD - Vega8 - FULL HD - TN
868,Laptop HP Zbook Firefiy 14 G7 Mobile Workstation
869,
870,X515EP Core i7 1165G7 16GB 1TB SSD 2GB MX330 HD Laptop
871,
872,HP Ryzen 3 5425U - 12GB - 1TB HDD - 256SSD - VEGA 6 - FULL HD
873,
874,Acer i7 12700H-32GB-1TB SSD-8GB 3070-FHD Laptop
875,HP ZBook Studio x360 G5 | 17 Inch | Xeon | 32GB | 512GB | 4GB
876,
877,Laptop Lenovo IdeaPad 3 i7 1165G7-8GB RAM-512G SSD-2GB Geforce MX450-۱۵.۶ inch FHD
878,
879,Asus Laptop VivoBook R465EP-B
880,HP OMEN 17t CK000
881,لپ تاپ 15.6 اینچی ایسوس مدل X515JP
882,
883,
884,Lenovo R3 7320U-4GB-512GB-610M-FHD Laptop
885,ENVY x360 13t BF0013  Core i7 1250U 8GB 1TB SSD Intel Full HD Touch Laptop
886,
887,
888,Laptop Lenovo V15 
889,ThinkBook 15 Core i7 1165G7 16GB 1TB 256GB SSD 2GB MX450 Full HD Laptop
890,Sony SVP11-213CXB Touch
891,
892,
893,ASUS  VIVOBOOK  X509FA 
894,
895,Asus Core i5 1035G1 - 8GB - 256SSD - INT UHD - FULL HD - Touch
896,
897, HP PAVILION 15T X360 
898,
899,Acer Nitro 5 AN515 
900,
901,
902,Asus X553MA Celeron N2830 4GB 500GB Intel HD
903,Lenovo ideapad 3
904,
905,
906,MSI Pulse GL66 12UGK i7 12700H 16GB 1TB SSD 8GB QHD Gaming Laptop
907,
908,
909,Dell Latitude E5580 | 15 inch | Core i7 | 8GB | 256GB | 2GB
910,
911,
912,DELL Inspiron G15 5511-C Core i5 11400H 16GB 512GB SSD 4GB Full HD Laptop
913,"Core i5-1135G7/8GB/512GB/MX330 2GB/15.6"" FHD OLED"
914,"Razer Blade 15 Gaming Laptop: NVIDIA GeForce RTX 3080 Ti - 12th Gen Intel 14-Core i9 CPU - 15.6” 4K UHD 144Hz - 32GB DDR5 RAM, 1TB PCIe SSD - Windows 11 - CNC Aluminum - Chroma RGB - Thunderbolt 4"
915,ASUS VivoBook15 X515EP i5 1135G7/8GB/1TB+256SSD/2GB MX330
916,HP R7 6800H-16GB-512GB SSD-6GB 3060-FHD Laptop
917,DELL Vostro 3510-A Core i7 1165G7 16GB 1TB 512GB SSD 2GB MX350 FHD Laptop
918,
919,V15 G2 ALC R5 5500U 8G 256SSD Radeon
920,
921,
922,
923,
924,
925, Acer Predator TRITON 300 SE PT314 76QN
926,
927,
928,
929,LAPTOP GAMING MSI GE63 RAIDER
930,Apple MK1F3 
931,Microsoft Surface Laptop
932,
933,
934,
935,ASUS VivoBook 15 R545FA i3-10110U/4GB/1TB HDD/Intel 15.6 Inch Laptop
936,Laptop Microsoft Surface Pro 4
937,
938,
939,TUF GAMING FX706HC Core i5 11260H 8GB 512GB SSD 4GB 3050 Full HD Laptop
940,
941,Acer Core i9 11900H - 16GB - 512 SSD - 6GB RTX3060 - 165Hz - 2K
942,لپ تاپ 15 اینچی لنوو مدل  v15 core i5 (10210U) 8GB 512ssd 2GB (MX330)FHD
943,
944,
945,
946,LOPTOP HP 15-DA
947,MSI GF63 Thin 11UC i7 11800H 16GB 1TB SSD 4GB FHD Gaming Laptop
948,
949,Legion 5 Pro i7 12700H-32GB-2TB SSD-8GB 3070-WQXGA Laptop
950,hp-elite-x2-1012-g1
951,Laptop Lenovo Legion 5
952,
953,
954,
955,
956,
957,
958,Lenovo IdeaPad 5
959,
960, Aspire 3 A315 58G 30KZ AB
961,IdeaPad Gaming 3 15ACH6 (Ryzen 7_RTX 3050)
962,
963, Lenovo Legion 5 
964,
965,LENOVO  IdeaPad 3
966,ROG Strix G713RW Ryzen 7 6800H 16GB 1TB SSD 8GB RTX 3070Ti Full HD Laptop
967,لپ تاپ ایسر A315
968,MSI KATANA GF66 12UDO Core i7 12700H 16GB 1TB SSD 4GB 3050TI Full HD Laptop
969,
970,ASUS FX506LH
971,
972,ASUS Vivobook 15X OLED M1503IA-L1099 Ryzen 5 8GB 512GB SSD laptop
973,
974,لپ تاپ اچ پی مدل D1007NIA Core i5 (12500) 16GB 1TSSD 4GB RTX1650
975,
976,
977,
978,لپ تاپ لنوو ThinkBook 16
979,
980,
981,Lenovo Ideapad 3
982,Laptop Lenovo Legion 5
983,LENOVO LEGION5 PRO R7-6800H RAM16GB SSD1TB RTX3070Ti 16INCH LAPTOP
984,"ASUS FX707ZC I7(12700H) 16GB 1TB SSD 4GB(3050) 17.3""FHD Laptop"
985,MacBook Pro 16-inch CTO Core i7 32GB RAM 512GB SSD 4GB GPU with Touch Bar and Retina Display Laptop
986,
987,TUF Gaming FX506HE Core i5 11400H 16GB 1TB SSD 4GB RTX3050TI Full HD Laptop
988,X515EA Core i3 1115G4 8GB 1TB 128GB SSD Intel Full HD Laptop
989,لپ تاپ لنوو(ideapad L3 core i7(10510U)20GB 1TB+256SSD 2GB (MX130
990,Aspire 7 A715-51G-754E i7 1260P 16G 512SSD 4G 3050 FHD Laptop
991, Asus TUF F15 FX516PE
992,HP i7 12700H-32GB-512SSD-6GB 3060-FHD Laptop
993,Lenovo ThinkBook 15 
994,
995,ASUS TUF Gaming F15 (2022) FX507ZM-HN042 Ci7 (12700H) 16GB 1TB SSD 6GB (RTX3060) FHD Laptop
996,
997,VivoBook R565JP Core i7 1065G7 8GB 1TB 256GB SSD 2GB MX330 Full HD Laptop
998,X553MA-Celeron-4GB-500GB-Intel
999,
1000,
1001,Asus TUF F15 FX516PE
1002,
1003,
1004,
1005,
1006,"Lenovo 2022 IdeaPad 3i 17 17.3"" HD+ Laptop, Intel Core i3-1115G4 (Beat i5-10210U), 8GB DDR4 RAM, 256GB PCIe SSD, WiFi 6, Bluetooth 5.0, USB Type-C, Arctic Gray, Windows 11, broag 64GB Flash Drive"
1007,
1008,
1009,Laptop Lenovo V15 
1010,
1011,
1012,
1013,
1014,
1015,
1016,
1017,
1018, ASUS  TUF  GAMING  F17  FX706HM 
1019,
1020,Surface Laptop 4 15inch Ryzen 7 4980U 8GB 256GB SSD AMD Radeon Touch Laptop
1021,N.B Microsoft Surface Book 3 i7-1065G7/16/256 /w10pro/13in
1022,
1023,
1024,
1025,X515EA Core i3 1115G4 8GB 1TB 256GB SSD Intel Full HD Laptop
1026,
1027,Lenovo ideapad 3
1028,
1029,Lenovo IdeaPad 3 R3 3250U-12GB-1TB+256SSD-Vega 3-FHD Laptop
1030,
1031,
1032,
1033,V15 Core i3 1115G4 12GB 1TB 256GB SSD 2GB MX350 Full HD Laptop
1034,
1035,ASUS FX506LHB-HN8G5W i5 10300H-8GB-512GB SSD-1650-FHD 15.6 LapTop
1036,Lenovo V15 i3-10110U /4GB/256GB SSD/Intel 15.6Inch FHD Laptop
1037,Laptop Lenovo Legion 5 Pro
1038,
1039,Lenovo ATHLON ۳۰۵۰e - 4GB - 512SSD - AMD
1040,IdeaPad 3 15ITL6 Core i3 20GB 1TB HDD 256GB SSD
1041,
1042,Lenovo IdeaPad 3 15IAU7 Core i5 1235U 24GB 512GB SSD Laptop
1043,
1044,
1045,
1046,Razer Blade Stealth | 12 inch | Core i7 | 16GB | 512GB
1047,
1048,
1049,
1050,Asus VivoBook R565EP
1051,LAPTOP DELL ALIENWARE 15 2022
1052,Lenovo V15 I5 1135G7 RAM 8G 512G SSD 2G MX350 FHD 15.6
1053,Nitro 5 AN515 Core i7 11800H 16GB 1TB SSD 4GB 3050TI Full HD Laptop
1054,Laptop Surface 4
1055,Acer Predator Helios 300 PH315
1056,
1057,Lenovo Legion 7 
1058,HP Spectre x360 i7 1065G7 16GB 512GB 4GB FHD Laptop
1059,
1060,LAPTOP MICROSOFT SURFACE PRO 4
1061,
1062,
1063,
1064,
1065,
1066,
1067,Laptop Lenovo V15 
1068,LENOVO GAMING 3 i7 11370H 32GB 512GB SSD 4GB RTX3050 15.6 INCH FHD LAPTOP
1069,
1070,
1071,
1072,
1073,
1074,TUF Gaming FX517ZC Core i5 12450H 32GB 1TB SSD 4GB RTX3050 Full HD Laptop
1075,
1076,
1077,
1078,
1079,
1080,TUF Gaming FA506IC Ryzen 5 4600H 16GB 512GB SSD 4GB 3050 Full HD Laptop
1081,Asus Vivobook PRO 16X N7600PC - KV098 i5 : 11300H - 8GB - 1TB SSD - 4GB RTX3050
1082,LAPTOP LENOBO IDEAPAD 100
1083,
1084,Asus i3 1115G4-8GB-512SSD-Int-FHD Laptop
1085,Laptop Lenovo IdeaPad 3
1086,acer Aspire 3 A315-58-34X1 i3 4G 256G NOS
1087,IdeaPad Gaming 3 Core i5 10300H 16GB 1TB 512GB SSD 4GB GTX 1650TI Full HD Laptop
1088,Asus TUF Dash F15 FX516PM BG
1089,
1090,i58GB256GB
1091,Toshiba A505
1092,HP OMEN 17t CK000
1093,
1094,
1095,
1096,
1097,Laptop surface book 2
1098,Lenovo ThinkBook 15 i3 1115G4-8GB-512SSD-2GB 450-FHD Laptop
1099,
1100,
1101,Surface Laptop 5 13.5inch Core i5-1235U 16GB 512GB SSD Intel Touch Laptop
1102,X515JA Core i3 1005G1 4GB 1TB Intel HD Laptop
1103,HP Victus 15-FA1093DX Core i5-13420H 32GB 1TB SSD 6GB 3050 FHD Laptop
1104,Lenovo Core i5 L16G7 - 8GB - 512SSD - Intel UHD Graphics
1105,
1106,Lenovo IdeaPad Gaming 3  
1107,
1108,GAMING G16 7620-A Core i9 12900H 32GB 1TB SSD 8GB RTX 3070Ti QHD+ Laptop
1109,
1110,
1111,
1112,Lenovo i7 12650H - 32GB - 1SSD - 6GB RTX 3060 - 120Hz - FULL HD
1113,Lenovo V15 G2 ALC Ryzen5-5500U/8GB/1TB+512GB SSD/2GB Vega7 Full HD
1114,Lenovo R7 5700U-8GB-1TB-Vega8-FHD Laptop
1115,Asus VivoBook  Pro  16X  N7600PC  AA
1116,
1117,ASUS   TUF GAMING F15 FX506LH 
1118,
1119,
1120,TUF Gaming FA507RR Ryzen 7 6800H 16GB 1TB SSD 8GB RTX 3070 FHD Laptop
1121,Sony SVF14A15CXB Touch
1122,
1123,
1124,ASUS VIVOBOOK TP470EA
1125,
1126,
1127,
1128,
1129,
1130,
1131,
1132,Lenovo IdeaPad 3
1133,HP Victus 15-FA0031DX-AC i5 12450H-32GB-512SSD-4GB 1650-FHD Laptop
1134,
1135,Acer Aspire3 A315-56-356N
1136,
1137,
1138,
1139,
1140,
1141,LAPTOP HP 250 G7 2020
1142,
1143,Laptop Lenovo Legion 5 Pro
1144,
1145,Asus VivoBook M513UA R5: 5500u - 8GB - 512GB SSD - Radeon up to 2GB
1146,
1147,
1148,
1149,Asus X502C pink
1150,دسته بندی:
1151,
1152,
1153,XPG XENIA – B Core i7 9750H 32GB 1TB SSD 6GB 1660TI Full HD Laptop
1154,ASUS K513EQ Core i7 1165G7 24GB 1TB 2GB MX350 OLED 15.6 inch Laptop
1155,Dell Inspiron 3511 i5(1135G7)-8GB-512GB-2GB(MX350)-FULLHD
1156,
1157,TUF Gaming FX506HE-D
1158,
1159,
1160,
1161,
1162,
1163,
1164,
1165,
1166,Lenovo Ideapad V130
1167,
1168,
1169,
1170,
1171,
1172,
1173,
1174,
1175,
